VariationID,GeneSymbol,Name,Claude_pred
952266,NF1,NM_001042492.3(NF1):c.3299C>A (p.Ser1100Ter),Pathogenic
1383091,GCDH,NM_000159.4(GCDH):c.775T>C (p.Ser259Pro),Benign
428761,STK11,NM_000455.5(STK11):c.367C>T (p.Gln123Ter),Pathogenic
43223,MYO7A,NM_000260.4(MYO7A):c.3764del (p.Lys1255fs),Pathogenic
1332907,DNMT3A,NM_022552.5(DNMT3A):c.1647C>A (p.Cys549Ter),Pathogenic
3432,DTNBP1,NM_032122.5(DTNBP1):c.307C>T (p.Gln103Ter),Pathogenic
641795,ENG,NM_001114753.3(ENG):c.523G>T (p.Ala175Ser),Benign
435569,KIAA0586,NM_001329943.3(KIAA0586):c.4080_4081del (p.Met1362fs),Pathogenic
96432,PKHD1,NM_138694.4(PKHD1):c.8407T>C (p.Cys2803Arg),Benign
453528,ATM,NM_000051.4(ATM):c.4609C>T (p.Gln1537Ter),Pathogenic
266221,BRCA1,NM_007294.4(BRCA1):c.2127_2128insGA (p.Thr710fs),Pathogenic
89942,MLH1,NM_000249.4(MLH1):c.1913_1926dup (p.Ile643delinsAspTyrProPheTer),Pathogenic
35831,CFTR,NM_000492.4(CFTR):c.1692del (p.Asp565fs),Pathogenic
2083486,CLCN1,NM_000083.3(CLCN1):c.854G>T (p.Gly285Val),Benign
265307,PTPN11,NM_002834.5(PTPN11):c.1520C>A (p.Thr507Lys),Benign
428938,SDHD,NM_003002.4(SDHD):c.352del (p.Asp118fs),Pathogenic
2897275,DNAH11,NM_001277115.2(DNAH11):c.10691+1G>T,Pathogenic
449484,GALC,NM_000153.4(GALC):c.1075_1084del (p.Lys359fs),Pathogenic
1343551,CPS1,NM_001875.5(CPS1):c.3337-1G>T,Pathogenic
841517,DICER1,NM_177438.3(DICER1):c.2437-1G>A,Pathogenic
2679451,USH2A,NM_206933.4(USH2A):c.2310dup (p.Glu771fs),Pathogenic
30815,POLR1C,NM_203290.4(POLR1C):c.835C>T (p.Arg279Trp),Benign
524030,ASXL3,NM_030632.3(ASXL3):c.4219_4220del (p.Leu1407fs),Pathogenic
285477,COL6A3,NM_004369.4(COL6A3):c.7024C>T (p.Arg2342Ter),Pathogenic
3725077,RUNX1,NM_001754.5(RUNX1):c.764_765del (p.His255fs),Pathogenic
54811,BRCA1,NM_007294.4(BRCA1):c.3257dup (p.Leu1086fs),Pathogenic
42344,FBN1,NM_000138.5(FBN1):c.3886T>C (p.Cys1296Arg),Pathogenic
90621,MSH2,NM_000251.3(MSH2):c.129T>G (p.Tyr43Ter),Pathogenic
633100,BRCA1,NM_007294.4(BRCA1):c.4534del (p.Ser1512fs),Pathogenic
202466,TTN,NM_001267550.2(TTN):c.72848_72849del (p.Lys24283fs),Pathogenic
4563,SLC19A3,NM_025243.4(SLC19A3):c.1264A>G (p.Thr422Ala),Benign
857168,TMEM127,NM_017849.4(TMEM127):c.2T>G (p.Met1Arg),Benign
284122,CAPN3,NM_000070.3(CAPN3):c.258dup (p.Leu87fs),Pathogenic
452535,CFI,NM_000204.5(CFI):c.1233C>A (p.Tyr411Ter),Pathogenic
1306418,PSAT1,NM_058179.4(PSAT1):c.870-1G>T,Pathogenic
987250,IFT140,NM_014714.4(IFT140):c.212C>T (p.Pro71Leu),Benign
423050,EXT1,NM_000127.3(EXT1):c.854dup (p.His285fs),Pathogenic
54752,BRCA1,NM_007294.4(BRCA1):c.302-2A>G,Pathogenic
2139990,SDHA,NM_004168.4(SDHA):c.403del (p.Asp135fs),Pathogenic
521294,ANKRD11,NM_013275.6(ANKRD11):c.6792dup (p.Ala2265fs),Pathogenic
3066442,SLC6A8,NM_005629.4(SLC6A8):c.1271G>A (p.Gly424Asp),Benign
548765,MSH2,NM_000251.3(MSH2):c.354T>G (p.Tyr118Ter),Pathogenic
236467,CEP290,NM_025114.4(CEP290):c.3181_3182del (p.Met1061fs),Pathogenic
3249836,RPGRIP1,NM_020366.4(RPGRIP1):c.2021C>A (p.Pro674His),Benign
3375341,PFKM,NM_000289.6(PFKM):c.626G>A (p.Gly209Asp),Benign
234047,APC,NM_000038.6(APC):c.6281del (p.Pro2094fs),Pathogenic
578189,MSH6,NM_000179.3(MSH6):c.723dup (p.Ser242Ter),Pathogenic
2431267,PALB2,NM_024675.4(PALB2):c.3004_3008del (p.Glu1002fs),Pathogenic
1676712,HNF1A,NM_000545.8(HNF1A):c.121G>T (p.Glu41Ter),Pathogenic
632726,BRIP1,NM_032043.3(BRIP1):c.241del (p.Glu81fs),Pathogenic
38137,BRCA2,NM_000059.4(BRCA2):c.8063T>C (p.Leu2688Pro),Pathogenic
280378,STK11,NM_000455.5(STK11):c.717G>A (p.Trp239Ter),Pathogenic
1707899,FANCA,NM_000135.4(FANCA):c.367C>T (p.Gln123Ter),Pathogenic
555257,GCDH,NM_000159.4(GCDH):c.1015A>G (p.Met339Val),Benign
2677071,NEB,NM_001164508.2(NEB):c.23347-2A>G,Pathogenic
220464,BRCA1,NM_007294.4(BRCA1):c.2378dup (p.Ala794fs),Pathogenic
16067,GLRA1,NM_000171.4(GLRA1):c.298del (p.Arg100fs),Pathogenic
1989859,PKHD1,NM_138694.4(PKHD1):c.3771dup (p.Pro1258fs),Pathogenic
12973,RYR1,NM_000540.3(RYR1):c.6487C>T (p.Arg2163Cys),Pathogenic
49241,TSC2,NM_000548.5(TSC2):c.3095G>C (p.Arg1032Pro),Benign
1199970,PNPT1,NM_033109.5(PNPT1):c.419C>T (p.Pro140Leu),Benign
629167,RAD51C,NM_058216.3(RAD51C):c.802C>T (p.Gln268Ter),Pathogenic
636514,PKHD1,NM_138694.4(PKHD1):c.7109+3A>C,Benign
488677,ALMS1,NM_001378454.1(ALMS1):c.10822C>T (p.Arg3608Ter),Pathogenic
1434715,MYO7A,NM_000260.4(MYO7A):c.1829_1832dup (p.Ser611_Ser612insTer),Pathogenic
560418,PMFBP1,NM_031293.3(PMFBP1):c.2725C>T (p.Arg909Ter),Pathogenic
2890181,LIPA,NM_000235.4(LIPA):c.132G>A (p.Trp44Ter),Pathogenic
654478,ATM,NM_000051.4(ATM):c.6177dup (p.Arg2060fs),Pathogenic
98717,PRPH2,NM_000322.5(PRPH2):c.904G>T (p.Glu302Ter),Pathogenic
551781,GNPTG,NM_032520.5(GNPTG):c.53-2A>G,Pathogenic
38129,BRCA2,NM_000059.4(BRCA2):c.7974C>G (p.Tyr2658Ter),Pathogenic
5965,RP1,NM_006269.2(RP1):c.2029C>T (p.Arg677Ter),Pathogenic
1324643,LAMA2,NM_000426.4(LAMA2):c.7666del (p.Thr2556fs),Pathogenic
425102,PALB2,NM_024675.3(PALB2):c.1724dup (p.Ser576Glufs),Pathogenic
1433215,ABCB11,NM_003742.4(ABCB11):c.483C>A (p.Cys161Ter),Pathogenic
2579534,PKD1,NM_001009944.3(PKD1):c.5756del (p.Phe1919fs),Pathogenic
155984,UBE3A,NM_130839.5(UBE3A):c.2567_2568del (p.Lys856fs),Pathogenic
200089,FBN1,NM_000138.5(FBN1):c.6628T>C (p.Cys2210Arg),Pathogenic
298293,DPYD,NM_000110.4(DPYD):c.1475C>T (p.Ser492Leu),Benign
853946,COL1A1,NM_000088.4(COL1A1):c.2084del (p.Gly695fs),Pathogenic
2445914,NCF2,NM_000433.4(NCF2):c.417del (p.Ala140fs),Pathogenic
988327,ELANE,NM_001972.4(ELANE):c.2T>C (p.Met1Thr),Benign
548231,BRCA1,NM_007294.4(BRCA1):c.2872_2873insA (p.Phe958fs),Pathogenic
649835,MSH6,NM_000179.3(MSH6):c.2504del (p.Gln835fs),Pathogenic
344312,MCCC1,NM_020166.5(MCCC1):c.640_641delGG,Pathogenic
3393448,NSD1,NM_022455.5(NSD1):c.5356_5360del (p.Lys1786fs),Pathogenic
370268,GAA,NM_000152.5(GAA):c.2242G>T (p.Glu748Ter),Pathogenic
2165560,LIAS,NM_006859.4(LIAS):c.107dup (p.Glu37fs),Pathogenic
4951,CRTAP,NM_006371.5(CRTAP):c.3G>A (p.Met1Ile),Benign
52793,BRCA2,NM_000059.4(BRCA2):c.9257-1G>C,Pathogenic
144040,C2CD3,NM_001286577.2(C2CD3):c.3911-2A>T,Pathogenic
1411804,PMS2,NM_000535.7(PMS2):c.869del (p.Phe290fs),Pathogenic
834260,RAX2,NM_001319074.4(RAX2):c.155C>G (p.Pro52Arg),Benign
1343039,FRAS1,NM_025074.7(FRAS1):c.934C>T (p.Gln312Ter),Pathogenic
418213,FLCN,NM_144997.7(FLCN):c.1379_1380del (p.Leu460fs),Pathogenic
1364154,CEP290,NM_025114.4(CEP290):c.5791_5794del (p.Glu1931fs),Pathogenic
344790,GLB1,NM_000404.4(GLB1):c.1343A>T (p.Asp448Val),Benign
453644,ATM,NM_000051.4(ATM):c.6839del (p.Gln2280fs),Pathogenic
553958,MMUT,NM_000255.4(MMUT):c.1022dup (p.Asn341fs),Pathogenic
2429273,CPAP,NM_018451.5(CPAP):c.505_506del (p.Gln169fs),Pathogenic
709907,MIPEP,NM_005932.4(MIPEP):c.184C>T (p.Arg62Cys),Benign
309559,KRT5,NM_000424.4(KRT5):c.1475-6C>T,Benign
669331,SCN2A,NM_001040142.2(SCN2A):c.3849+241T>G,Benign
2930747,TTN,NM_001267550.2(TTN):c.59862G>A (p.Glu19954=),Benign
1259847,LINS1,NM_001040616.3(LINS1):c.1395-321G>A,Benign
456279,FANCM,NM_020937.4(FANCM):c.6084T>C (p.Tyr2028=),Benign
215603,BRCA2,NM_000059.4(BRCA2):c.3612T>C (p.Ala1204=),Benign
261842,CEP290,NM_025114.4(CEP290):c.2991+39A>G,Benign
1136043,CALM2,NM_001743.6(CALM2):c.336C>T (p.Asn112=),Benign
1155000,MSH6,NM_000179.3(MSH6):c.3054C>T (p.Leu1018=),Benign
751115,DLGAP4,NM_001365621.2(DLGAP4):c.810G>C (p.Pro270=),Benign
1546004,DCTN1,NM_004082.5(DCTN1):c.3441G>A (p.Ala1147=),Benign
1296480,FBP1,NM_000507.4(FBP1):c.427-133G>C,Benign
791417,ASXL2,NM_018263.6(ASXL2):c.553A>G (p.Ser185Gly),Benign
695378,CYLD,NM_001378743.1(CYLD):c.87C>T (p.Ser29=),Benign
2639532,GPR161,NM_001375883.1(GPR161):c.660C>G (p.Arg220=),Benign
509971,CDKL5,NM_001323289.2(CDKL5):c.1527G>A (p.Ala509=),Benign
1258902,FANCM,NM_020937.4(FANCM):c.4318-27G>A,Benign
258573,IGHMBP2,NM_002180.3(IGHMBP2):c.2782G>A (p.Glu928Lys),Benign
141637,NF1,NM_001042492.3(NF1):c.2224G>T (p.Ala742Ser),Benign
674450,TTC19,NM_017775.4(TTC19):c.424-72G>A,Benign
286134,KCNT1,NM_020822.3(KCNT1):c.254+20T>C,Benign
1115999,DICER1,NM_177438.3(DICER1):c.2001T>A (p.Leu667=),Benign
1260145,LRBA,NM_001364905.1(LRBA):c.7694-292T>C,Benign
1909944,MYH7,NM_000257.4(MYH7):c.2844A>G (p.Ser948=),Benign
491606,CHEK2,NM_007194.4(CHEK2):c.1543-12C>G,Benign
2046459,CPAMD8,NM_015692.5(CPAMD8):c.4926A>T (p.Pro1642=),Benign
1254057,TBC1D8B,NM_017752.3(TBC1D8B):c.2920C>T (p.Leu974Phe),Benign
258118,FLNB,NM_001457.4(FLNB):c.669G>A (p.Pro223=),Benign
382026,EARS2,NM_001083614.2(EARS2):c.63C>T (p.Pro21=),Benign
1279514,GRHPR,NM_012203.2(GRHPR):c.494-232C>T,Benign
495647,FBN1,NM_000138.5(FBN1):c.7521C>T (p.Phe2507=),Benign
1096342,SIK1,NM_173354.5(SIK1):c.690G>A (p.Pro230=),Benign
706579,ATP2B4,NM_001684.5(ATP2B4):c.1981G>A (p.Glu661Lys),Benign
1282990,KMT2A,NM_001197104.2(KMT2A):c.6450A>G (p.Thr2150=),Benign
717380,SRRM2,NM_016333.4(SRRM2):c.7647G>A (p.Ser2549=),Benign
1266157,FGA,NM_021871.4(FGA):c.181-96T>A,Benign
1238982,POC1B,NM_172240.3(POC1B):c.811-67A>G,Benign
213664,SKI,NM_003036.4(SKI):c.948G>A (p.Lys316=),Benign
1116876,AXIN2,NM_004655.4(AXIN2):c.1239G>A (p.Ser413=),Benign
1291164,ITGB4,NM_000213.5(ITGB4):c.3317-46T>C,Benign
821030,MSH2,NM_000251.3(MSH2):c.2286A>G (p.Leu762=),Benign
708776,MUC4,NM_018406.7(MUC4):c.15844G>A (p.Gly5282Arg),Benign
3495546,COL5A1,NM_000093.5(COL5A1):c.3081G>A (p.Gly1027=),Benign
1249401,F7,NM_019616.4(F7):c.365-57G>A,Benign
2732825,ABRAXAS1,NM_139076.3(ABRAXAS1):c.630G>A (p.Lys210=),Benign
1081098,BLM,NM_000057.4(BLM):c.3660A>G (p.Gly1220=),Benign
1294941,SH3BP2,NM_001122681.2(SH3BP2):c.587-38C>G,Benign
883477,IGHMBP2,NM_002180.3(IGHMBP2):c.*524T>C,Benign
95063,CREBBP,NM_004380.3(CREBBP):c.6621A>G (p.Gln2207=),Benign
1653562,PRRT2,NM_145239.3(PRRT2):c.591C>T (p.Ala197=),Benign
94890,RECQL4,NM_004260.4(RECQL4):c.2636C>A (p.Pro879His),Benign
699824,PTCH1,NM_000264.5(PTCH1):c.4080C>A (p.Ser1360=),Benign
779166,USB1,NM_024598.4(USB1):c.729G>A (p.Leu243=),Benign
1542532,EGFR,NM_005228.5(EGFR):c.63G>T (p.Ala21=),Benign
790404,UBAC1,NM_016172.3(UBAC1):c.145C>T (p.His49Tyr),Benign
195103,DNM2,NM_001005361.3(DNM2):c.162-7C>A,Benign
427258,BRCA1,NM_007294.4(BRCA1):c.3348A>G (p.Val1116=),Benign
265051,BRCA1,NM_007294.4(BRCA1):c.5153-6C>T,Benign
209652,BRCA2,NM_000059.4(BRCA2):c.631+183T>A,Benign
1224265,COL2A1,NM_001844.5(COL2A1):c.2410-79C>A,Benign
251466,LDLR,NM_000527.5(LDLR):c.810C>T (p.Cys270=),Benign
347737,NR3C2,NM_000901.5(NR3C2):c.449G>A (p.Arg150His),Benign
1337254,TAF2,NM_003184.4(TAF2):c.732G>A (p.Ala244=),Benign
773395,ZFP69B,NM_023070.3(ZFP69B):c.896G>A (p.Arg299Lys),Benign
389999,SLC6A8,NM_005629.4(SLC6A8):c.282C>T (p.Tyr94=),Benign
1241500,TRIP13,NM_004237.4(TRIP13):c.608+39T>G,Benign
793410,PGK1,NM_000291.4(PGK1):c.909G>C (p.Val303=),Benign
1764258,SMARCB1,NM_003073.5(SMARCB1):c.867A>C (p.Ser289=),Benign
455384,MLH1,NM_000249.4(MLH1):c.1350T>C (p.Asp450=),Benign
1275078,STRN,NM_003162.4(STRN):c.*5A>G,Benign
3505419,DSG2,NM_001943.5(DSG2):c.681G>A (p.Leu227=),Benign
1239737,IFT140,NM_014714.4(IFT140):c.2578-157G>A,Benign
1459309,FAM20C,NM_020223.4(FAM20C):c.984C>T (p.Pro328=),Benign
830143,PALB2,NM_024675.4(PALB2):c.1647C>T (p.His549=),Benign
187419,BRCA1,NM_007294.4(BRCA1):c.3270A>G (p.Gln1090=),Benign
1130403,IQCB1,NM_001023570.4(IQCB1):c.1281G>A (p.Ala427=),Benign
402350,AHNAK2,NM_138420.4(AHNAK2):c.9085G>C (p.Glu3029Gln),Benign
1289563,CERKL,NM_201548.5(CERKL):c.1134-45G>A,Benign
287493,TBXAS1,NM_001061.7(TBXAS1):c.1349C>A (p.Thr450Asn),Benign
1281081,COLQ,NM_005677.4(COLQ):c.718-1268A>G,Benign
471990,FLNC,NM_001458.5(FLNC):c.1923C>T (p.His641=),Benign
935362,GABBR2,NM_005458.8(GABBR2):c.1921A>G (p.Ile641Val),Benign
368091,TAFAZZIN,NM_000116.5(TAFAZZIN):c.*470=,Benign
2516054,AMER1,NM_152424.4(AMER1):c.2825G>A (p.Arg942Gln),Benign
1727551,AXIN2,NM_004655.4(AXIN2):c.309A>G (p.Lys103=),Benign
297149,YARS1,NM_003680.4(YARS1):c.1374G>A (p.Pro458=),Benign
1080929,USH2A,NM_206933.4(USH2A):c.1758C>T (p.Tyr586=),Benign
930040,CDH23,NM_022124.6(CDH23):c.552C>T (p.Arg184=),Benign
3510592,ETV6,NM_001987.5(ETV6):c.612C>T (p.Pro204=),Benign
1290085,LAMA5,NM_005560.6(LAMA5):c.6649-13T>C,Benign
1695290,RPGR,NM_001034853.2(RPGR):c.2976_2990del (p.989EGEEE[1]),Pathogenic
1280102,MYO5A,NM_001382347.1(MYO5A):c.*32T>C,Benign
220587,APC,NM_000038.6(APC):c.5115C>G (p.Thr1705=),Benign
926953,MLH1,NM_000249.4(MLH1):c.1170A>G (p.Glu390=),Benign
304853,LRP4,NM_002334.4(LRP4):c.4905C>T (p.Phe1635=),Benign
1225190,SOX18,NC_000020.11:g.64049808C>T,Benign
283854,ACAN,NM_001369268.1(ACAN):c.7524C>T (p.Ser2508=),Benign
2994240,MAX,NM_002382.5(MAX):c.93G>A (p.Leu31=),Benign
2930241,RTEL1,NM_001283009.2(RTEL1):c.3882C>T (p.Val1294=),Benign
